[
  {
    "version": "0.5.6",
    "date": "Nov 26, 2025",
    "items": [
      {
        "type": "feature",
        "description": "Native floating sidebar for macOS 15+ with traffic lights inside panel"
      },
      {
        "type": "feature",
        "description": "Color scheme switching (light/dark/auto) via command palette"
      },
      {
        "type": "enhancement",
        "description": "Redesigned translation progress bar with minimal top-edge style"
      },
      {
        "type": "enhancement",
        "description": "Improved profile dialogs with minimal and elegant design"
      }
    ]
  },
  {
    "version": "0.5.5",
    "date": "Nov 24, 2025",
    "items": [
      {
        "type": "feature",
        "description": "DMG installer for professional drag-to-install experience"
      },
      {
        "type": "feature",
        "description": "HTTPS auto-upgrade with security indicator in status bar"
      },
      {
        "type": "feature",
        "description": "Per-site camera, microphone, and notification permissions"
      },
      {
        "type": "feature",
        "description": "Bypass Mode (Ctrl+B) for keyboard-heavy sites like Gmail and Figma"
      },
      {
        "type": "feature",
        "description": "CSP violation monitoring in developer console"
      },
      {
        "type": "enhancement",
        "description": "Profile-specific API key storage in Keychain"
      },
      {
        "type": "fix",
        "description": "Allow Shift+H/L in Insert mode for typing capital letters"
      }
    ]
  },
  {
    "version": "0.5.4",
    "date": "Nov 23, 2025",
    "items": [
      {
        "type": "feature",
        "description": "Command categorization with context-aware display (app vs page commands)"
      },
      {
        "type": "feature",
        "description": "Page translation with 11 languages and streaming support"
      },
      {
        "type": "feature",
        "description": "New Tab button in sidebar with https:// prefill (⌘T)"
      },
      {
        "type": "feature",
        "description": "DuckDuckGo search fallback in command palette"
      },
      {
        "type": "enhancement",
        "description": "Command palette redesign: compact layout, SF Symbol icons, keyboard shortcut hints"
      },
      {
        "type": "enhancement",
        "description": "Progressive Escape behavior: clear search → exit submenu → close palette"
      },
      {
        "type": "enhancement",
        "description": "Homepage always shown on app startup"
      },
      {
        "type": "enhancement",
        "description": "Improve release scripts"
      },
      {
        "type": "fix",
        "description": "Fix notification crash"
      }
    ]
  },
  {
    "version": "0.5.3",
    "date": "Nov 21, 2025",
    "items": [
      {
        "type": "feature",
        "description": "Developer console with full Console API support (⌘I)"
      },
      {
        "type": "feature",
        "description": "Automatic Insert mode on text field focus"
      },
      {
        "type": "feature",
        "description": "Fullscreen API support for YouTube and video platforms"
      },
      {
        "type": "feature",
        "description": "Profile-isolated downloads with animation and smart indicator"
      },
      {
        "type": "enhancement",
        "description": "Profiles now accessible via command palette (⌘K)"
      },
      {
        "type": "enhancement",
        "description": "WebRTC camera/microphone permissions for video calls"
      },
      {
        "type": "enhancement",
        "description": "Media autoplay enabled for better video experience"
      },
      {
        "type": "enhancement",
        "description": "TestContext helper for easier dependency injection in tests"
      },
      {
        "type": "fix",
        "description": "Fix EXC_BAD_ACCESS crash in WebViewController deinit"
      },
      {
        "type": "fix",
        "description": "Allow typing '?' in Insert mode"
      },
      {
        "type": "fix",
        "description": "Prevent iframe navigations from affecting parent tab in popup proxies"
      },
      {
        "type": "fix",
        "description": "Fix main actor isolation warnings in WebViewController"
      },
      {
        "type": "fix",
        "description": "Fix test failures with singleton isolation and @Observable memory management"
      },
      {
        "type": "fix",
        "description": "Fix notification crash due to missing environment injection"
      }
    ]
  },
  {
    "version": "0.5.2",
    "date": "Nov 21, 2025",
    "items": [
      {
        "type": "feature",
        "description": "File download management"
      }
    ]
  },
  {
    "version": "0.5.0",
    "date": "Nov 20, 2025",
    "items": [
      {
        "type": "feature",
        "description": "Auto update"
      }
    ]
  },
  {
    "version": "0.4.0",
    "date": "Nov 20, 2025",
    "items": [
      {
        "type": "feature",
        "description": "Multiple profiles support with multi-instance architecture"
      },
      {
        "type": "enhancement",
        "description": "Double CMD+W to close pinned tabs"
      },
      {
        "type": "enhancement",
        "description": "Data isolation including app data, cookies, storage, and caches"
      }
    ]
  },
  {
    "version": "0.3.3",
    "date": "Nov 19, 2025",
    "items": [
      {
        "type": "feature",
        "description": "Home view changelog"
      },
      {
        "type": "feature",
        "description": "Enhance window.opener support for better cross-origin communication"
      },
      {
        "type": "feature",
        "description": "Enhance file upload with drag-and-drop"
      },
      {
        "type": "enhancement",
        "description": "Add more test coverage and CI support"
      },
      {
        "type": "fix",
        "description": "Fix keyboard hijacking"
      },
      {
        "type": "fix",
        "description": "Fix crash errors on tabs"
      }
    ]
  },
  {
    "version": "0.3.2",
    "date": "Nov 18, 2025",
    "items": [
      {
        "type": "feature",
        "description": "Vim navigation mode"
      },
      {
        "type": "feature",
        "description": "Link hints mode for keyboard-first navigation"
      }
    ]
  }
]
