[
  {
    "version": "0.5.3",
    "date": "Nov 21, 2025",
    "items": [
      {
        "type": "feature",
        "description": "Developer console with full Console API support (⌘I)"
      },
      {
        "type": "feature",
        "description": "Automatic Insert mode on text field focus"
      },
      {
        "type": "feature",
        "description": "Fullscreen API support for YouTube and video platforms"
      },
      {
        "type": "feature",
        "description": "Profile-isolated downloads with animation and smart indicator"
      },
      {
        "type": "enhancement",
        "description": "Profiles now accessible via command palette (⌘K)"
      },
      {
        "type": "enhancement",
        "description": "WebRTC camera/microphone permissions for video calls"
      },
      {
        "type": "enhancement",
        "description": "Media autoplay enabled for better video experience"
      },
      {
        "type": "enhancement",
        "description": "TestContext helper for easier dependency injection in tests"
      },
      {
        "type": "fix",
        "description": "EXC_BAD_ACCESS crash in WebViewController deinit"
      },
      {
        "type": "fix",
        "description": "Allow typing '?' in Insert mode"
      },
      {
        "type": "fix",
        "description": "Prevent iframe navigations from affecting parent tab in popup proxies"
      },
      {
        "type": "fix",
        "description": "Main actor isolation warnings in WebViewController"
      },
      {
        "type": "fix",
        "description": "Test failures with singleton isolation and @Observable memory management"
      },
      {
        "type": "documentation",
        "description": "Comprehensive web compatibility docs (96.9% compatibility with 32 sites), Storage API docs (localStorage, sessionStorage, IndexedDB), and Modern Web API docs (WebRTC, WebSocket, Service Workers)"
      }
    ]
  },
  {
    "version": "0.5.2",
    "date": "Nov 21, 2025",
    "items": [
      {
        "type": "feature",
        "description": "File download management"
      }
    ]
  },
  {
    "version": "0.5.0",
    "date": "Nov 20, 2025",
    "items": [
      {
        "type": "feature",
        "description": "Auto update"
      }
    ]
  },
  {
    "version": "0.4.0",
    "date": "Nov 20, 2025",
    "items": [
      {
        "type": "feature",
        "description": "Multiple profiles support with multi-instance architecture"
      },
      {
        "type": "enhancement",
        "description": "Double CMD+W to close pinned tabs"
      },
      {
        "type": "enhancement",
        "description": "Data isolation including app data, cookies, storage, and caches"
      }
    ]
  },
  {
    "version": "0.3.3",
    "date": "Nov 19, 2025",
    "items": [
      {
        "type": "feature",
        "description": "Home view changelog"
      },
      {
        "type": "feature",
        "description": "Enhance window.opener support for better cross-origin communication"
      },
      {
        "type": "feature",
        "description": "Enhance file upload with drag-and-drop"
      },
      {
        "type": "enhancement",
        "description": "Add more test coverage and CI support"
      },
      {
        "type": "fix",
        "description": "Fix keyboard hijacking"
      },
      {
        "type": "fix",
        "description": "Fix crash errors on tabs"
      }
    ]
  },
  {
    "version": "0.3.2",
    "date": "Nov 18, 2025",
    "items": [
      {
        "type": "feature",
        "description": "Vim navigation mode"
      },
      {
        "type": "feature",
        "description": "Link hints mode for keyboard-first navigation"
      }
    ]
  }
]
