[
  {
    "version": "0.5.0",
    "date": "Nov 20, 2025",
    "items": [
      {
        "type": "feature",
        "description": "Auto update"
      }
    ]
  },
  {
    "version": "0.4.0",
    "date": "Nov 20, 2025",
    "items": [
      {
        "type": "feature",
        "description": "Multiple profiles support with multi-instance architecture"
      },
      {
        "type": "enhancement",
        "description": "Double CMD+W to close pinned tabs"
      },
      {
        "type": "enhancement",
        "description": "Data isolation including app data, cookies, storage, and caches"
      }
    ]
  },
  {
    "version": "0.3.3",
    "date": "Nov 19, 2025",
    "items": [
      {
        "type": "feature",
        "description": "Home view changelog"
      },
      {
        "type": "feature",
        "description": "Enhance window.opener support for better cross-origin communication"
      },
      {
        "type": "feature",
        "description": "Enhance file upload with drag-and-drop"
      },
      {
        "type": "enhancement",
        "description": "Add more test coverage and CI support"
      },
      {
        "type": "fix",
        "description": "Fix keyboard hijacking"
      },
      {
        "type": "fix",
        "description": "Fix crash errors on tabs"
      }
    ]
  },
  {
    "version": "0.3.2",
    "date": "Nov 18, 2025",
    "items": [
      {
        "type": "feature",
        "description": "Vim navigation mode"
      },
      {
        "type": "feature",
        "description": "Link hints mode for keyboard-first navigation"
      }
    ]
  }
]
